,Id,Churn
0,0,0.9653872845962367
1,1,0.280332385070872
2,2,0.2961099561163577
3,3,0.9841618931702907
4,4,0.9933508649025639
5,5,0.8826571780539192
6,6,0.5696615777465228
7,7,0.7045194370449963
8,8,0.9281487787121712
9,9,0.6658649377974983
10,10,0.8098069911313239
11,11,0.8182070259853045
12,12,0.7319503758406734
13,13,0.9030918472277883
14,14,0.9891089060970164
15,15,0.9736458296104157
16,16,0.8421925994249735
17,17,0.7038594330839654
18,18,0.9764002684512327
19,19,0.9783087186301065
20,20,0.8153895565250833
21,21,0.9796784018720872
22,22,0.18863063356169096
23,23,0.5423486817954317
24,24,0.8689598454701697
25,25,0.5494449876016809
26,26,0.8724992762752352
27,27,0.9837581083642135
28,28,0.9686405631159647
29,29,0.9933508649025639
30,30,0.3423426092501264
31,31,0.691925233394695
32,32,0.17927402817555904
33,33,0.4964224086777129
34,34,0.9198811857097468
35,35,0.9603013586312525
36,36,0.4493427777331006
37,37,0.959469141396722
38,38,0.873407939992795
39,39,0.9382800381693436
40,40,0.694596836745402
41,41,0.42611253040963515
42,42,0.6105037208057329
43,43,0.8123729721783395
44,44,0.6350538819337138
45,45,0.7031691042753581
46,46,0.8318944931335919
47,47,0.92487399666037
48,48,0.7484241480164602
49,49,0.7437260657461773
50,50,0.6214371441755178
51,51,0.17958957704260625
52,52,0.7285774124025628
53,53,0.9209863200306223
54,54,0.4893931547350492
55,55,0.9919379366947755
56,56,0.9835396782362599
57,57,0.4309935973499647
58,58,0.37738797138711233
59,59,0.7800300092439862
60,60,0.9792518149040712
61,61,0.5132472763544763
62,62,0.8868952770519034
63,63,0.8922002463222786
64,64,0.17926041603741705
65,65,0.9930435096982217
66,66,0.78879310041226
67,67,0.5753994741576962
68,68,0.9831357253673638
69,69,0.31398183240749367
70,70,0.3739181910023701
71,71,0.36526213009550135
72,72,0.9339311204423251
73,73,0.5225301875692276
74,74,0.13216513943173025
75,75,0.97734550713523
76,76,0.8962660103982952
77,77,0.9548862228167495
78,78,0.8454820086433689
79,79,0.9868651704139525
80,80,0.5141579153806108
81,81,0.2427875121981372
82,82,0.16959440725207364
83,83,0.7452780174408217
84,84,0.7589097938644565
85,85,0.9624136973027623
86,86,0.9288289420472442
87,87,0.5674473008770524
88,88,0.6546931990287859
89,89,0.7589097938644565
90,90,0.8852277253238614
91,91,0.8874447215743564
92,92,0.09872828944487877
93,93,0.16141989769693565
94,94,0.993142338418478
95,95,0.9695483487010388
96,96,0.8773567568557222
97,97,0.3280616443992831
98,98,0.7592857674739085
99,99,0.25164930815240505
100,100,0.9790037798013592
101,101,0.12206005237727857
102,102,0.9926814315162993
103,103,0.40371656038719395
104,104,0.9927653774350521
105,105,0.19054920435233325
106,106,0.6935816356213416
107,107,0.9164959964250703
108,108,0.9863476043876866
109,109,0.7776422121801267
110,110,0.9091078054529349
111,111,0.9214495519742731
112,112,0.5004561330561919
113,113,0.6867428521433192
114,114,0.9893577878869538
115,115,0.130839751722292
116,116,0.9816969259405652
117,117,0.9920923753089648
118,118,0.9829013443656605
119,119,0.2480476560122331
120,120,0.9066121511742199
121,121,0.9469002353682211
122,122,0.7013408960489869
123,123,0.683689629089236
124,124,0.7515187417590516
125,125,0.7519112916689364
126,126,0.28703238124534025
127,127,0.7805604921307392
128,128,0.7915038008417628
129,129,0.8420584385544623
130,130,0.927993321939911
131,131,0.957562897704219
132,132,0.9926373599246443
133,133,0.9687868511133308
134,134,0.7767047367868403
135,135,0.9560989378607321
136,136,0.9366539136659406
137,137,0.9918765475810494
138,138,0.9417852198430543
139,139,0.8874289333393779
140,140,0.9854682349084933
141,141,0.9786224388700328
142,142,0.8886938712691096
143,143,0.9107271651039893
144,144,0.7785891624411223
145,145,0.8679274642320897
146,146,0.7335228415080214
147,147,0.9890880593270814
148,148,0.9934794226132632
149,149,0.20397986219712638
150,150,0.9636538356840265
151,151,0.4272372015583801
152,152,0.603186298057478
153,153,0.9838389732642406
154,154,0.5969617652097696
155,155,0.21862274735855614
156,156,0.9792541492976297
157,157,0.9013503585288943
158,158,0.9414760643429279
159,159,0.9054067504797678
160,160,0.7501966348975527
161,161,0.33255156675295594
162,162,0.9225438019567757
163,163,0.9523560861844439
164,164,0.4910660916383107
165,165,0.9505038525009873
166,166,0.961332470285464
167,167,0.8977860215721463
168,168,0.9853573381063694
169,169,0.3599051035601629
170,170,0.13419749917550194
171,171,0.9728915333662128
172,172,0.6059738597699079
173,173,0.6712674949438111
174,174,0.9239102161000192
175,175,0.4427710925778091
176,176,0.8866997861360282
177,177,0.9498679798006989
178,178,0.9810158118442162
179,179,0.16132940102722493
180,180,0.88523628271288
181,181,0.8905471282476439
182,182,0.9604477537615196
183,183,0.9237864343215346
184,184,0.8707134627990524
185,185,0.9856742601242334
186,186,0.8861732825004235
187,187,0.9912547844662569
188,188,0.9803274848998857
189,189,0.9759548180644951
190,190,0.979248173700261
191,191,0.9914127320448934
192,192,0.8486416401315362
193,193,0.9594000096645049
194,194,0.6070705341270569
195,195,0.8471565893284693
196,196,0.9691316399934369
197,197,0.8643794591694416
198,198,0.606480109196138
199,199,0.4765949641768904
200,200,0.49589559344221634
201,201,0.35006172155634074
202,202,0.8368085819152198
203,203,0.23779170627789226
204,204,0.8482907106941315
205,205,0.9894227672444007
206,206,0.9282420033686257
207,207,0.3406650826816642
208,208,0.30371436464793355
209,209,0.46384822799834347
210,210,0.7272036808997653
211,211,0.9029205962131024
212,212,0.5051973893772671
213,213,0.9873234818123823
214,214,0.9832226867578575
215,215,0.39353982034861223
216,216,0.09834502973939174
217,217,0.19970442911100317
218,218,0.8507582796154999
219,219,0.5112849979915959
220,220,0.6165974297096636
221,221,0.978669702753412
222,222,0.9573226120730761
223,223,0.8584259296340561
224,224,0.9873721213950644
225,225,0.40960451757585614
226,226,0.7375380209166547
227,227,0.9367461722022362
228,228,0.5200944467892139
229,229,0.6923194701721451
230,230,0.9920154397259514
231,231,0.9883394604164281
232,232,0.7645723748397022
233,233,0.9932277550020138
234,234,0.9870495458555519
235,235,0.9801895341607754
236,236,0.21747220609875084
237,237,0.7976860286435813
238,238,0.9271570021433296
239,239,0.6372919368579695
240,240,0.7762320287747797
241,241,0.9742093469232777
242,242,0.8749446613913945
243,243,0.636498803933497
244,244,0.9701344178009965
245,245,0.9121776307361035
246,246,0.98054621988717
247,247,0.9940732480934911
248,248,0.9156086289917368
249,249,0.9753469815762054
250,250,0.9939663303798869
251,251,0.9816749702287356
252,252,0.9115138620590144
253,253,0.5130577809753536
254,254,0.7152524133921612
255,255,0.33432720783626413
256,256,0.9066685468206678
257,257,0.9073261395402192
258,258,0.8251812606684155
259,259,0.38988352613073707
260,260,0.9267275939407699
261,261,0.7505233127986107
262,262,0.8014609477354854
263,263,0.47492096057728195
264,264,0.3237153324265891
265,265,0.5752149366358039
266,266,0.3012047075485311
267,267,0.7261263131283673
268,268,0.7553758651562978
269,269,0.9041944942941128
270,270,0.9871728770909783
271,271,0.9919020755404093
272,272,0.7329415716453493
273,273,0.4823405646416593
274,274,0.9296327745917561
275,275,0.6962456720247077
276,276,0.9554568598108448
277,277,0.9313927667393371
278,278,0.8940265788275537
279,279,0.9823517405963599
280,280,0.4294957774011796
281,281,0.9433563183575671
282,282,0.40621584785009124
283,283,0.993142338418478
284,284,0.8876163819258007
285,285,0.9917616951017673
286,286,0.9875670405676313
287,287,0.9924548037005934
288,288,0.8927089038560315
289,289,0.2527226984464096
290,290,0.5811903363431628
291,291,0.3858661036718759
292,292,0.9594274529748379
293,293,0.4931055763400001
294,294,0.48191684998923756
295,295,0.9290412448525063
296,296,0.9249490883515304
297,297,0.4646842637386992
298,298,0.992684700257166
299,299,0.814754168971457
300,300,0.9572694237179966
301,301,0.9054593429868294
302,302,0.8961248996470865
303,303,0.26147104146189704
304,304,0.9721202969414272
305,305,0.7690011511011793
306,306,0.6621571375691977
307,307,0.393819929009965
308,308,0.280669449133227
309,309,0.1709861267894245
310,310,0.9682631270148339
311,311,0.9863987916724954
312,312,0.9095306207387776
313,313,0.9434045371478759
314,314,0.6218245743973384
315,315,0.20054807510967232
316,316,0.9820731997059609
317,317,0.7509233325644837
318,318,0.2291708620685058
319,319,0.4994953770201196
320,320,0.7467736615241262
321,321,0.30250971006890004
322,322,0.49637305549172306
323,323,0.9088999614908932
324,324,0.9811936028969528
325,325,0.15113850607046098
326,326,0.9793696086100089
327,327,0.8105854277251194
328,328,0.992741094371683
329,329,0.6322804205919166
330,330,0.8822039835530472
331,331,0.7247929100875998
332,332,0.6910284443583787
333,333,0.8434052164025386
334,334,0.360756788710768
335,335,0.9169355036590356
336,336,0.9908113138955831
337,337,0.7423477163693744
338,338,0.9825076169423348
339,339,0.9854838987612475
340,340,0.5181659019581293
341,341,0.6806857502368113
342,342,0.9139611526835325
343,343,0.7730368733780052
344,344,0.9832065473187009
345,345,0.9382800381693436
346,346,0.6581207177967696
347,347,0.5151604781914412
348,348,0.9932618263851823
349,349,0.6912910640035257
350,350,0.9608200060446773
351,351,0.9693939025491228
352,352,0.6822984627986151
353,353,0.9570590357543286
354,354,0.7341141098474886
355,355,0.979186606969846
356,356,0.16653108447679144
357,357,0.47990500764948896
358,358,0.299766928245601
359,359,0.4564061079558106
360,360,0.8021266904558271
361,361,0.9860587146057022
362,362,0.6660776285703554
363,363,0.9414824233140033
364,364,0.7288748249909711
365,365,0.99232954124025
366,366,0.9499887594026885
367,367,0.8674604423948863
368,368,0.9436022157052147
369,369,0.9235683618498975
370,370,0.9381391778147116
371,371,0.699157765015326
372,372,0.9629483850649532
373,373,0.11630067110363818
374,374,0.9796934795278299
375,375,0.8610256963302984
376,376,0.7718253559104045
377,377,0.8440782369400702
378,378,0.31759319218018334
379,379,0.4099081815146486
380,380,0.7754062675417959
381,381,0.9483069220023724
382,382,0.9727828516803474
383,383,0.6245252078635517
384,384,0.7740492081640042
385,385,0.49557471915780615
386,386,0.5075126044604288
387,387,0.9843667690446068
388,388,0.9939354495280353
389,389,0.9855698362096011
390,390,0.22363671562911536
391,391,0.9862198124340605
392,392,0.3838054060603906
393,393,0.626151336971345
394,394,0.9212427995208625
395,395,0.6137768833459061
396,396,0.9382800381693436
397,397,0.9792078496734639
398,398,0.8689330546662734
399,399,0.9829453990569319
400,400,0.614747174988762
401,401,0.9201812914278688
402,402,0.9853265435069358
403,403,0.8108367314846957
404,404,0.9815070631763998
405,405,0.46827350909698795
406,406,0.3141331593184855
407,407,0.7327912952048357
408,408,0.7522405577110746
409,409,0.9898695038597752
410,410,0.9499803215345686
411,411,0.9586510002437006
412,412,0.3906422630846579
413,413,0.47772000884834365
414,414,0.7484241480164602
415,415,0.866398051885293
416,416,0.9874501738059699
417,417,0.5940322244842069
418,418,0.9241207260644181
419,419,0.9501091124903391
420,420,0.6293284195152379
421,421,0.8265305784522357
422,422,0.5304429725168984
423,423,0.8855488955160556
424,424,0.8983961303281038
425,425,0.3067461274393962
426,426,0.8713175053506754
427,427,0.9457218265749385
428,428,0.09872828944487877
429,429,0.8528125638216686
430,430,0.9714594738851023
431,431,0.9069788978386044
432,432,0.37221171669360065
433,433,0.32704517737136884
434,434,0.44604163979068623
435,435,0.2405382205452694
436,436,0.990936823614288
437,437,0.9807932799211776
438,438,0.7052591825378811
439,439,0.48267937519635795
440,440,0.896070971729374
441,441,0.8219840878402352
442,442,0.8128995921964035
443,443,0.9800976673136208
444,444,0.6918539470805127
445,445,0.9926977035117556
446,446,0.9795340181222788
447,447,0.9783233984646217
448,448,0.5405692197491669
449,449,0.8977714060782809
450,450,0.49440682216876075
451,451,0.5790169571392332
452,452,0.9860297257162269
453,453,0.48208032266396417
454,454,0.9645238815307142
455,455,0.8133877484371717
456,456,0.7785481402045373
457,457,0.9911502197204176
458,458,0.9718907861762199
459,459,0.9085484940940862
460,460,0.855165365432407
461,461,0.9848966773662302
462,462,0.9809060785861538
463,463,0.9786919148773777
464,464,0.5088344923932187
465,465,0.8231346460870413
466,466,0.9832217040177343
467,467,0.23438411345285082
468,468,0.7949099519193386
469,469,0.9610476411509782
470,470,0.610607140183969
471,471,0.6467856419187874
472,472,0.7484241480164602
473,473,0.7943546200916467
474,474,0.5298587511931764
475,475,0.9723003295150577
476,476,0.23145200678580624
477,477,0.9691562225078035
478,478,0.912330870461668
479,479,0.7609076896746395
480,480,0.7717677871082671
481,481,0.9776153700751253
482,482,0.773282270468753
483,483,0.3338157889259349
484,484,0.9384113854558659
485,485,0.5942306004593958
486,486,0.41981060855937136
487,487,0.7645014761219004
488,488,0.9922735041051579
489,489,0.9522749434237487
490,490,0.18637741093033822
491,491,0.5463267204925689
492,492,0.7650745894399362
493,493,0.9415182896587326
494,494,0.9463144334964185
495,495,0.983143010577984
496,496,0.9267994391111798
497,497,0.9638644622750893
498,498,0.3079354247191237
499,499,0.9527958023299906
500,500,0.14295968412008575
501,501,0.9775151056026956
502,502,0.7935133552108635
503,503,0.6859419562052536
504,504,0.7504910227279188
505,505,0.9809475769502646
506,506,0.8410972021396332
507,507,0.6677516340292327
508,508,0.3962996002993199
509,509,0.929416856383876
510,510,0.16105000467975839
511,511,0.7571424695489566
512,512,0.3759796498458271
513,513,0.577826127588545
514,514,0.8890895175595951
515,515,0.956629263780571
516,516,0.7626557905493131
517,517,0.10075922045071617
518,518,0.6296832163245862
519,519,0.9878106589478892
520,520,0.4749496459200826
521,521,0.9464694728819218
522,522,0.9894754702909571
523,523,0.8572903990204385
524,524,0.09834502973939174
525,525,0.8911439194398217
526,526,0.613453179423375
527,527,0.8923298189964821
528,528,0.4087183946035552
529,529,0.941938722076319
530,530,0.9716700871750581
531,531,0.924294724379814
532,532,0.8598622535239976
533,533,0.6421214961463058
534,534,0.13702410567157763
535,535,0.33196972216051013
536,536,0.5369782452528352
537,537,0.9344624017731543
538,538,0.5539693430668983
539,539,0.8627164277076365
540,540,0.4446259036133058
541,541,0.24752056546697798
542,542,0.8736787558283925
543,543,0.8576253429206334
544,544,0.8643295270472886
545,545,0.696797247386945
546,546,0.6097418321400759
547,547,0.9607435068232001
548,548,0.6938833752659018
549,549,0.9705576298843336
550,550,0.9524116203485953
551,551,0.965748187903002
552,552,0.9862256559858391
553,553,0.8337161932893471
554,554,0.8951222959355781
555,555,0.9516892254415423
556,556,0.2830054579414881
557,557,0.3733071667032992
558,558,0.8833673101194451
559,559,0.7167682689966768
560,560,0.4790131345378482
561,561,0.99035872789922
562,562,0.9763528006819707
563,563,0.9891192497303427
564,564,0.7839933475127
565,565,0.7016464526152855
566,566,0.3340485409595373
567,567,0.9147380978501676
568,568,0.4244870888167752
569,569,0.9386729891416538
570,570,0.9883553400421305
571,571,0.3000502382732716
572,572,0.23754549488409016
573,573,0.8027807208256078
574,574,0.9879195824739908
575,575,0.7102169920330232
576,576,0.8236407693281589
577,577,0.4132370538274772
578,578,0.619464049964658
579,579,0.20153030542364814
580,580,0.979306605353117
581,581,0.3813770525389566
582,582,0.9924661805119849
583,583,0.9798572197837682
584,584,0.8034820709895252
585,585,0.9845138250866428
586,586,0.8808342391297308
587,587,0.9482408454961876
588,588,0.10840937678186402
589,589,0.6439631083567378
590,590,0.09187644106572801
591,591,0.943373475886458
592,592,0.370120832585205
593,593,0.9515494622426515
594,594,0.7008338450523445
595,595,0.4333630310853006
596,596,0.9926814315162993
597,597,0.5516741924378878
598,598,0.5079116723780539
599,599,0.9656178113842633
600,600,0.9927183798862792
601,601,0.8310683087720858
602,602,0.9196907664218009
603,603,0.36102114009719144
604,604,0.959346427722542
605,605,0.7294648483094683
606,606,0.8936224119204917
607,607,0.3665194682433359
608,608,0.9509720391739516
609,609,0.8934615398981088
610,610,0.4150433066407274
611,611,0.8231346460870413
612,612,0.7055904706167218
613,613,0.8727898109699683
614,614,0.9474408160938618
615,615,0.9892924470833118
616,616,0.4812174189611951
617,617,0.8513828056244177
618,618,0.9881632485925047
619,619,0.7713498290370319
620,620,0.9803362219952384
621,621,0.714920587082916
622,622,0.3280616443992831
623,623,0.11707392541440642
624,624,0.9564338060932794
625,625,0.8453317880429727
626,626,0.987595035405822
627,627,0.9834440220433527
628,628,0.29600599940750927
629,629,0.8377482009309234
630,630,0.48289777261928246
631,631,0.976748312364021
632,632,0.455676212520973
633,633,0.9838581248532463
634,634,0.4537419904863461
635,635,0.9852547306103066
636,636,0.9216281596415647
637,637,0.8527291036315539
638,638,0.8805603636988375
639,639,0.3622123968045523
640,640,0.13107660997567394
641,641,0.8261273183367064
642,642,0.8780910322505375
643,643,0.8809844359299526
644,644,0.6471134431406644
645,645,0.9635373339839937
646,646,0.9037661186098969
647,647,0.9414348440720287
648,648,0.9919554791237297
649,649,0.9326620748827767
650,650,0.9741454701816742
651,651,0.20516399058387336
652,652,0.9733402640563961
653,653,0.8431945508910141
654,654,0.7792228248770486
655,655,0.4771671271187906
656,656,0.8686051226584002
657,657,0.8826924027688877
658,658,0.9482760447111772
659,659,0.6358820740696645
660,660,0.9670891184725174
661,661,0.9733649446130482
662,662,0.545967836106752
663,663,0.7469852434823547
664,664,0.9680367690356421
665,665,0.2672403672859537
666,666,0.08528274452247953
667,667,0.8702203548073211
668,668,0.9732367093968632
669,669,0.9911218479555001
670,670,0.9830045527985583
671,671,0.4997384936432032
672,672,0.33887691577854906
673,673,0.6329959803802265
674,674,0.21983866181030154
675,675,0.9145925189141942
676,676,0.9908851043509038
677,677,0.7403484765170054
678,678,0.5851796453886354
679,679,0.3063782682508439
680,680,0.47492096057728195
681,681,0.8718996680315653
682,682,0.9896971850270377
683,683,0.6472198219761981
684,684,0.9600635110047478
685,685,0.6424731035758355
686,686,0.9821030189371819
687,687,0.980301634963509
688,688,0.6330962267274804
689,689,0.7773867281001972
690,690,0.33811417299293944
691,691,0.13607584548570106
692,692,0.7187419561253374
693,693,0.8128619228971283
694,694,0.9482760447111772
695,695,0.46116823000298024
696,696,0.6941670419374042
697,697,0.9929553980867166
698,698,0.9754402327871303
699,699,0.859328110438991
700,700,0.9445119533471753
701,701,0.9040641370474916
702,702,0.882457865824892
703,703,0.9017742616916371
704,704,0.09874832499184183
705,705,0.9901350071241607
706,706,0.9473945489866238
707,707,0.21037617108223772
708,708,0.984682097735585
709,709,0.9070645346087481
710,710,0.938238455890617
711,711,0.7933974071201495
712,712,0.7222333236038546
713,713,0.6770682434414406
714,714,0.8499014645597076
715,715,0.8752645255415255
716,716,0.23535012226593588
717,717,0.9748729041637395
718,718,0.6230355004574741
719,719,0.11750250353554692
720,720,0.8981091179230718
721,721,0.753228941447204
722,722,0.8134551413468659
723,723,0.5097037517363074
724,724,0.9044865850250104
725,725,0.2459652358864023
726,726,0.9897219216159894
727,727,0.6682025216447568
728,728,0.8160097244909489
729,729,0.9849373172363799
730,730,0.9915547664266313
731,731,0.22859810948192116
732,732,0.9919679918940347
733,733,0.9763089356237937
734,734,0.9562962765055526
735,735,0.4066641572205624
736,736,0.9842927614144635
737,737,0.7755936863588615
738,738,0.5544030177937802
739,739,0.5646600032730511
740,740,0.7765602825954087
741,741,0.702672591224272
742,742,0.7038039827081252
743,743,0.5949881317679907
744,744,0.8667590713441128
745,745,0.8506479234208857
746,746,0.9286861694391129
747,747,0.6617553583153459
748,748,0.992204149222361
749,749,0.4080004953479395
750,750,0.4886073607301554
751,751,0.9619121923509902
752,752,0.8391442859605422
753,753,0.8825667416539444
754,754,0.3724564343097617
755,755,0.8985177427122267
756,756,0.8447901984513606
757,757,0.6344342056150368
758,758,0.9336315525683951
759,759,0.28172009184359637
760,760,0.5499596857442712
761,761,0.4531247429507036
762,762,0.12552831326154934
763,763,0.8710369569617692
764,764,0.8673932771007462
765,765,0.9098751747599778
766,766,0.4899950598621301
767,767,0.948402130058137
768,768,0.8465115591406971
769,769,0.6384429555814661
770,770,0.3695695854644132
771,771,0.9811568724322902
772,772,0.20804340817695355
773,773,0.8230895140873866
774,774,0.3888193313505397
775,775,0.9028931306635348
776,776,0.9144417677003904
777,777,0.3835685707841592
778,778,0.9582960360102204
779,779,0.32656052434197147
780,780,0.9296935046544295
781,781,0.5212006545750654
782,782,0.38906600413237213
783,783,0.29404458099985764
784,784,0.9819137405950418
785,785,0.38460204927900077
786,786,0.8731475875358939
787,787,0.8746221027082722
788,788,0.4479309875030556
789,789,0.9866582612422875
790,790,0.5033496832593758
791,791,0.3006197800226378
792,792,0.9809192604286878
793,793,0.5408292110987607
794,794,0.3367414511166471
795,795,0.49938832256527244
796,796,0.623334616794498
797,797,0.9894227672444007
798,798,0.9288887921556195
799,799,0.9519717331814841
800,800,0.745049273476837
801,801,0.6967692900697742
802,802,0.9855620318576678
803,803,0.23584661639858673
804,804,0.9937430998492758
805,805,0.879453442415792
806,806,0.9927132240108437
807,807,0.4837147689115102
808,808,0.8779254998735132
809,809,0.7777551528438471
810,810,0.8811085956004601
811,811,0.7868741384900396
812,812,0.6431713282756739
813,813,0.8460972274399494
814,814,0.9621852681138536
815,815,0.3055287415241359
816,816,0.8231625589920191
817,817,0.7127385342673591
818,818,0.9881698577730905
819,819,0.9545430010938425
820,820,0.8888304752193231
821,821,0.15977072570743278
822,822,0.9923725404196586
823,823,0.9711998519663853
824,824,0.9048599702268024
825,825,0.9844350496833958
826,826,0.989259475140306
827,827,0.4978361289268747
828,828,0.2816075825213249
829,829,0.27329276016695836
830,830,0.12942177102232155
831,831,0.14219956935761469
832,832,0.731356000523118
833,833,0.6257043911621947
834,834,0.7507282555166043
835,835,0.6976597425585681
836,836,0.9537720248683328
837,837,0.24481760893195215
838,838,0.6016617062743541
839,839,0.736588238459374
840,840,0.6246132595409509
841,841,0.6726931272753007
842,842,0.8795367982963976
843,843,0.6507379170944306
844,844,0.9891796903700979
845,845,0.6910968485359449
846,846,0.37281000564344413
847,847,0.1181570426646883
848,848,0.9795900550296183
849,849,0.7903546424195321
850,850,0.5790391590097536
851,851,0.9164671841155596
852,852,0.98799052006815
853,853,0.8174969313884348
854,854,0.7222518871181223
855,855,0.90828200590758
856,856,0.495287491279618
857,857,0.9060426065336732
858,858,0.25841289579309
859,859,0.9907217206034338
860,860,0.505753656091941
861,861,0.9188108987198835
862,862,0.9282949549135951
863,863,0.43788002750495447
864,864,0.8732476689321573
865,865,0.9763223874712993
866,866,0.9111529859337114
867,867,0.5941850648820752
868,868,0.7789493944000984
869,869,0.6974237730415793
870,870,0.31681705864960097
871,871,0.9209517778290573
872,872,0.9273226943480626
873,873,0.48498572557265907
874,874,0.3077034989241879
875,875,0.4216070974995386
876,876,0.8132853245209276
877,877,0.8744316474194336
878,878,0.9834932615295641
879,879,0.8987977448683366
880,880,0.85625387320101
881,881,0.9389950315464131
882,882,0.9931296564133207
883,883,0.1876771477781407
884,884,0.9536239678983902
885,885,0.731734028311459
886,886,0.7521825506217285
887,887,0.9849543871991369
888,888,0.9341980391233582
889,889,0.723847276543738
890,890,0.7626285569102318
891,891,0.8703626966924628
892,892,0.9914610124698179
893,893,0.2445400598413634
894,894,0.9662299643951794
895,895,0.984990911721722
896,896,0.9620782905115481
897,897,0.5652421297263677
898,898,0.9299690246141652
899,899,0.17214535052949753
900,900,0.9813291864766014
901,901,0.8316137763726894
902,902,0.9150764679494203
903,903,0.9462668208535998
904,904,0.8748288293324489
905,905,0.9931415224534665
906,906,0.40004011975080755
907,907,0.9914699794539876
908,908,0.9803362219952384
909,909,0.23156683539066247
910,910,0.981845359093165
911,911,0.9837224481464355
912,912,0.9919864283449852
913,913,0.5289524015309985
914,914,0.879906456969122
915,915,0.957801021953052
916,916,0.23082426768363062
917,917,0.49841620520405894
918,918,0.7522405577110746
919,919,0.19562130339982386
920,920,0.8567757760029354
921,921,0.15258998514494948
922,922,0.8749514969205353
923,923,0.8978086948632604
924,924,0.3646211031448766
925,925,0.923316804085728
926,926,0.9475519440062216
927,927,0.731356000523118
928,928,0.9240121881632484
929,929,0.8090689081050184
930,930,0.25684913779461505
931,931,0.5341762967740655
932,932,0.21248308185738995
933,933,0.9797031521887601
934,934,0.9266606113001021
935,935,0.9346864200012044
936,936,0.9933323761929616
937,937,0.7531192419032859
938,938,0.8742197978964483
939,939,0.970950013047385
940,940,0.9938437981283271
941,941,0.3079354247191237
942,942,0.4759389300182494
943,943,0.9910358302164078
944,944,0.8352139036887936
945,945,0.2592805908682111
946,946,0.726135161037924
947,947,0.9576003390088966
948,948,0.9321830843438108
949,949,0.6775390829421664
950,950,0.17124927940965118
951,951,0.980602564907087
952,952,0.649279410031957
953,953,0.6357409239699394
954,954,0.8448315813374601
955,955,0.8442368063663819
956,956,0.8571743540912609
957,957,0.6473113846912594
958,958,0.9382800381693436
959,959,0.896043569995823
960,960,0.6266979049921398
961,961,0.6422685110486155
962,962,0.8994499054477778
963,963,0.9815452223399409
964,964,0.4305608903201099
965,965,0.23332278883349944
966,966,0.7539511919408116
967,967,0.9833526026400043
968,968,0.8707058374993101
969,969,0.961966572512282
970,970,0.9808374960917394
971,971,0.9755262099181831
972,972,0.573821624611247
973,973,0.916903337298861
974,974,0.9934794226132632
975,975,0.5130514853385275
976,976,0.9319010820165969
977,977,0.9531639631765366
978,978,0.669970947376167
979,979,0.9322609146277647
980,980,0.32205938066615214
981,981,0.9214227579979493
982,982,0.6430931450750373
983,983,0.9927653774350521
984,984,0.3382573920201922
985,985,0.9668466367245809
986,986,0.9443690516012169
987,987,0.38277600383105304
988,988,0.6737162163062167
989,989,0.9587253642084237
990,990,0.2670821629790021
991,991,0.34702475436903923
992,992,0.8279950909838766
993,993,0.8970818219999953
994,994,0.24791115820306697
995,995,0.6130092260510174
996,996,0.8315609442913253
997,997,0.9940442684011199
998,998,0.09861409067583915
999,999,0.989290156431217
1000,1000,0.9842548147008822
1001,1001,0.6883608713126823
1002,1002,0.7437285189064484
1003,1003,0.8312907010821126
1004,1004,0.6196178970570105
1005,1005,0.9922483791472463
1006,1006,0.9772411125041696
1007,1007,0.9282802826468479
1008,1008,0.9362391820371286
1009,1009,0.8067147197143034
1010,1010,0.36231136423797405
1011,1011,0.6919106984639382
1012,1012,0.882318390811073
1013,1013,0.798794425996703
1014,1014,0.8803456081890523
1015,1015,0.9886924263861617
1016,1016,0.9938874973405825
1017,1017,0.9003433526016204
1018,1018,0.35596680800606284
1019,1019,0.11289265348223376
1020,1020,0.29341043295610936
1021,1021,0.9893938721504635
1022,1022,0.8882188127671541
1023,1023,0.9861362976785796
1024,1024,0.899321450619556
1025,1025,0.1280092755705743
1026,1026,0.5738220881677596
1027,1027,0.9387978418432359
1028,1028,0.9577173276574422
1029,1029,0.25550796341336157
1030,1030,0.8041369987272211
1031,1031,0.9929634572287263
1032,1032,0.964539703909124
1033,1033,0.915212484802551
1034,1034,0.9241192292940573
1035,1035,0.4070103241920703
1036,1036,0.3898302990336838
1037,1037,0.9031314684443424
1038,1038,0.7700162885406512
1039,1039,0.9934858874473737
1040,1040,0.4868364115751115
1041,1041,0.7593752484613415
1042,1042,0.41621973713899363
1043,1043,0.9931682011739141
1044,1044,0.9257908105830958
1045,1045,0.9932789768896323
1046,1046,0.9916096825823014
1047,1047,0.7944671587298262
1048,1048,0.28871051679841364
1049,1049,0.9457059596514915
1050,1050,0.7724559529088069
1051,1051,0.9111836750093061
1052,1052,0.9085328093908326
1053,1053,0.9742641327718007
1054,1054,0.9888563845674708
1055,1055,0.9424840960087474
1056,1056,0.9095507983032459
1057,1057,0.9249363881317113
1058,1058,0.8733198870151537
1059,1059,0.44567467791783133
1060,1060,0.4863289057678346
1061,1061,0.9577699004780394
1062,1062,0.8969802290601344
1063,1063,0.9846955265179478
1064,1064,0.9148632552873512
1065,1065,0.6608002196322098
1066,1066,0.942065093209151
1067,1067,0.8246613068579925
1068,1068,0.9738125219445891
1069,1069,0.9929281779231317
1070,1070,0.922723177755603
1071,1071,0.8863397130017858
1072,1072,0.901989471391733
1073,1073,0.8747500114890217
1074,1074,0.9633507864246512
1075,1075,0.9759532345613917
1076,1076,0.9609168161148934
1077,1077,0.4956643401445451
1078,1078,0.8907514971232505
1079,1079,0.36661839614102876
1080,1080,0.9877113324248958
1081,1081,0.12553571090805227
1082,1082,0.5325023383488533
1083,1083,0.9475387671479475
1084,1084,0.36364091727724657
1085,1085,0.683185751054765
1086,1086,0.5127101952820958
1087,1087,0.9784033867187247
1088,1088,0.2837768548971068
1089,1089,0.15977072570743278
1090,1090,0.8031236813685032
1091,1091,0.42040277162852024
1092,1092,0.9386402825160609
1093,1093,0.35751215188975416
1094,1094,0.7001195384608723
1095,1095,0.9298056691080829
1096,1096,0.9429377423771244
1097,1097,0.7734101428960907
1098,1098,0.7263764296145852
1099,1099,0.8854262926068914
1100,1100,0.5230105131567487
1101,1101,0.7461211445290378
1102,1102,0.8764012958168511
1103,1103,0.9482760447111772
1104,1104,0.9853844758170648
1105,1105,0.9150804203731959
1106,1106,0.9842894788952888
1107,1107,0.9721369782039118
1108,1108,0.9924665516695204
1109,1109,0.7491548413785734
1110,1110,0.2639957937066503
1111,1111,0.95800830112215
1112,1112,0.9935278192702889
1113,1113,0.9198387770605305
1114,1114,0.9321789586978527
1115,1115,0.43362983042015524
1116,1116,0.7948293114534731
1117,1117,0.8550965913079412
1118,1118,0.9837838772537271
1119,1119,0.8186642453422424
1120,1120,0.936352921351606
1121,1121,0.8363203833057462
1122,1122,0.5805940809271397
1123,1123,0.5534386614349733
1124,1124,0.9832217040177343
1125,1125,0.9845831597089272
1126,1126,0.6604951637874336
1127,1127,0.5436448967226771
1128,1128,0.890546005883226
1129,1129,0.5399413733622443
1130,1130,0.7457966748507295
1131,1131,0.985619366569005
1132,1132,0.8993540496592407
1133,1133,0.8970128762887027
1134,1134,0.26255736336975255
1135,1135,0.3698702601590935
1136,1136,0.985739272466475
1137,1137,0.9319970279720919
1138,1138,0.45570794650357416
1139,1139,0.991601866759278
1140,1140,0.39490069929227656
1141,1141,0.41002012693083945
1142,1142,0.9342279046982871
1143,1143,0.9025477065193098
1144,1144,0.5202327934480544
1145,1145,0.7848621513857268
1146,1146,0.8907440351785308
1147,1147,0.8292790343879256
1148,1148,0.9907963856377945
1149,1149,0.9686128036672116
1150,1150,0.7221366882740812
1151,1151,0.7139716727698651
1152,1152,0.4318971975868311
1153,1153,0.9926917871231136
1154,1154,0.9005504191974084
1155,1155,0.9358685758087141
1156,1156,0.9946599389794548
1157,1157,0.7935133552108635
1158,1158,0.47492096057728195
1159,1159,0.12317905322546041
1160,1160,0.9931307113855338
1161,1161,0.7425038791133401
1162,1162,0.7844407205051029
1163,1163,0.774060659837451
1164,1164,0.9861063756879102
1165,1165,0.41204886603773316
1166,1166,0.8774846030081197
1167,1167,0.9910858901012747
1168,1168,0.866015006816391
1169,1169,0.9937246981897776
1170,1170,0.9668776597316149
1171,1171,0.9351399710591327
1172,1172,0.8307833729569958
1173,1173,0.9225628785207818
1174,1174,0.8911777485068444
1175,1175,0.31537143716736493
1176,1176,0.8263799306900136
1177,1177,0.9710098703487791
1178,1178,0.518734207239141
1179,1179,0.936272165948803
1180,1180,0.9813592141742141
1181,1181,0.990690744744278
1182,1182,0.7726247424378547
1183,1183,0.9416718591083544
1184,1184,0.9291217421657346
1185,1185,0.8833720012310449
1186,1186,0.3463692339725293
1187,1187,0.4206825653457733
1188,1188,0.9918144020519795
1189,1189,0.9034657793460048
1190,1190,0.9071362646142682
1191,1191,0.9570893790590503
1192,1192,0.8166304034045552
1193,1193,0.5540448518397862
1194,1194,0.46620417576971995
1195,1195,0.9614524942665332
1196,1196,0.869960478822153
1197,1197,0.9180594750460632
1198,1198,0.9578180837862531
1199,1199,0.7236118399819813
1200,1200,0.8862046148381698
1201,1201,0.9846271227650287
1202,1202,0.9734026199522674
1203,1203,0.5148597923903251
1204,1204,0.7450776534013134
1205,1205,0.7841907781137133
1206,1206,0.46624896052275955
1207,1207,0.906363759756102
1208,1208,0.661974157726686
1209,1209,0.9501684644352449
1210,1210,0.5849467476272103
1211,1211,0.972292814144872
1212,1212,0.9375326418292615
1213,1213,0.11045683964752628
1214,1214,0.8338948398264167
1215,1215,0.6833354519601231
1216,1216,0.7735852407533073
1217,1217,0.35525942852471726
1218,1218,0.8078969280721494
1219,1219,0.9291585497721497
1220,1220,0.9921696997546559
1221,1221,0.6578597926021609
1222,1222,0.10737067041608628
1223,1223,0.6177321053829778
1224,1224,0.9559688781189245
1225,1225,0.557339979132091
1226,1226,0.19562130339982386
1227,1227,0.2789826578237785
1228,1228,0.4401673137888886
1229,1229,0.12680371632701348
1230,1230,0.9931507883993514
1231,1231,0.31749207902958765
1232,1232,0.36488222639018464
1233,1233,0.558239737919416
1234,1234,0.7985465454925097
1235,1235,0.9922555174907832
1236,1236,0.08528274452247953
1237,1237,0.3659244017678953
1238,1238,0.4028176519889358
1239,1239,0.9856727442917533
1240,1240,0.8527608863204056
1241,1241,0.9453919091185521
1242,1242,0.9924177654972854
1243,1243,0.1773278435272323
1244,1244,0.9928280322756559
1245,1245,0.9266044398506024
1246,1246,0.6507379170944306
1247,1247,0.8855617110144124
1248,1248,0.914153246235464
1249,1249,0.9062729569483696
1250,1250,0.9408684029151548
1251,1251,0.7301955195446217
1252,1252,0.9925919401877356
1253,1253,0.11028466346083843
1254,1254,0.8836205329418643
1255,1255,0.9940082668701328
1256,1256,0.3423426092501264
1257,1257,0.3520949995066389
1258,1258,0.9942001288236455
1259,1259,0.5927960592074035
1260,1260,0.133308753970517
1261,1261,0.9876118032773741
1262,1262,0.7553782434792446
1263,1263,0.7620191927588783
1264,1264,0.8165838820215437
1265,1265,0.6038254218092072
1266,1266,0.584364330100236
1267,1267,0.7967558971835467
1268,1268,0.3297750992042713
1269,1269,0.5978482613392927
1270,1270,0.9805990003975632
1271,1271,0.9845295345918115
1272,1272,0.891305467034557
1273,1273,0.9845665958160704
1274,1274,0.9930499856374451
1275,1275,0.8370991914741214
1276,1276,0.9781321464872745
1277,1277,0.994300050707542
1278,1278,0.9219544081789453
1279,1279,0.6680070708085476
1280,1280,0.9389018823508274
1281,1281,0.3688997327491793
1282,1282,0.2011712007543004
1283,1283,0.6385191100969869
1284,1284,0.29496427823527815
1285,1285,0.7890592141598456
1286,1286,0.8909460579491014
1287,1287,0.4986594284975875
1288,1288,0.4105017580280239
1289,1289,0.9671062646955687
1290,1290,0.861707585097469
1291,1291,0.42364963549260404
1292,1292,0.9496101894049052
1293,1293,0.9749485799288145
1294,1294,0.7899948403045075
1295,1295,0.5265975990637929
1296,1296,0.942113520563402
1297,1297,0.7684981065874221
1298,1298,0.49344404899276173
1299,1299,0.5035027326049744
1300,1300,0.26211961965291897
1301,1301,0.11816808668266421
1302,1302,0.9217539577185312
1303,1303,0.3207583898067212
1304,1304,0.8823799446876278
1305,1305,0.9414775362340996
1306,1306,0.8295590640758963
1307,1307,0.9655480162792173
1308,1308,0.8479588970198956
1309,1309,0.1506206771119445
1310,1310,0.8629285080900566
1311,1311,0.48685000343025675
1312,1312,0.639189990958758
1313,1313,0.9847688519551608
1314,1314,0.9879167765106697
1315,1315,0.7024593926368372
1316,1316,0.9931848746421665
1317,1317,0.5000212370777806
1318,1318,0.9787008541315604
1319,1319,0.9931690815451232
1320,1320,0.8951745019035119
1321,1321,0.9856822605596235
1322,1322,0.5151604781914412
1323,1323,0.7131218560853927
1324,1324,0.9291716711679293
1325,1325,0.6152777607061333
1326,1326,0.3855998463538022
1327,1327,0.873382507003798
1328,1328,0.2753978130094995
1329,1329,0.7372874484925351
1330,1330,0.19450772169599861
1331,1331,0.7921957149403778
1332,1332,0.8315164028602239
1333,1333,0.8222794807666872
1334,1334,0.9920289729548621
1335,1335,0.3097266068511615
1336,1336,0.958098716518533
1337,1337,0.37152644195388984
1338,1338,0.9923390865797765
1339,1339,0.23782671740227246
1340,1340,0.9855057336194498
1341,1341,0.8266631837534666
1342,1342,0.9884401689430768
1343,1343,0.8582115225547745
1344,1344,0.9522806296971564
1345,1345,0.9080097435135526
1346,1346,0.9560987436985245
1347,1347,0.9927909386628215
1348,1348,0.1692072352419568
1349,1349,0.9863237560613147
1350,1350,0.9853730423436399
1351,1351,0.9850524324608827
1352,1352,0.9508916409991509
1353,1353,0.6929227546092926
1354,1354,0.763860340121844
1355,1355,0.3618223785020348
1356,1356,0.9524303977755397
1357,1357,0.5624587781517671
1358,1358,0.9899729432538997
1359,1359,0.802694395090864
1360,1360,0.858210119231808
1361,1361,0.901066317624169
1362,1362,0.4060502322525743
1363,1363,0.9897998645110455
1364,1364,0.8822475074866334
1365,1365,0.4784505848288566
1366,1366,0.7763174363192716
1367,1367,0.9714166718246275
1368,1368,0.809961298481134
1369,1369,0.9291716711679293
1370,1370,0.9718582482884757
1371,1371,0.1687311485331744
1372,1372,0.9800920924459147
1373,1373,0.8537007889564221
1374,1374,0.974913150427356
1375,1375,0.7764207002076997
1376,1376,0.9284958743928591
1377,1377,0.5983868697274463
1378,1378,0.7330336217029747
1379,1379,0.8712983145954264
1380,1380,0.19262318468089645
1381,1381,0.45425357076127215
1382,1382,0.5774919868884305
1383,1383,0.9938950625168714
1384,1384,0.5964200907060195
1385,1385,0.28487893953894583
1386,1386,0.3133269084669358
1387,1387,0.9163369590819055
1388,1388,0.37529707566369286
1389,1389,0.399470658682059
1390,1390,0.3884303115708474
1391,1391,0.9689240049132468
1392,1392,0.17429442389638328
1393,1393,0.8841484496396012
1394,1394,0.979894405364916
1395,1395,0.5979020989578931
1396,1396,0.8571687782051602
1397,1397,0.9905568985222899
1398,1398,0.7501889578698678
1399,1399,0.8132884013079971
1400,1400,0.7060362339471213
1401,1401,0.9579757880843245
1402,1402,0.5927960592074035
1403,1403,0.9899240994553823
1404,1404,0.8877250607064768
1405,1405,0.8987072667800836
1406,1406,0.649279410031957
1407,1407,0.6246132595409509
1408,1408,0.9083390993915104
1409,1409,0.9936320675736076
1410,1410,0.9503700076570518
1411,1411,0.9860297257162269
1412,1412,0.491888141953586
1413,1413,0.35747692743887227
1414,1414,0.9863083183726788
1415,1415,0.9462653966574235
1416,1416,0.7822783828959844
1417,1417,0.9911719349036273
1418,1418,0.942998899412513
1419,1419,0.6561501939983674
1420,1420,0.9439566837241884
1421,1421,0.9934530691971345
1422,1422,0.9808675844152562
1423,1423,0.9928169928669839
1424,1424,0.929048734908001
1425,1425,0.9658152155676523
1426,1426,0.971387218401867
1427,1427,0.9117744559803023
1428,1428,0.22253114976507926
1429,1429,0.6445053843568512
1430,1430,0.8533094298220308
1431,1431,0.7553164050167052
1432,1432,0.70394600821271
1433,1433,0.985214425201956
1434,1434,0.19719021978338636
1435,1435,0.783640437242655
1436,1436,0.7342547526070164
1437,1437,0.8786051953215406
1438,1438,0.6102336544936597
1439,1439,0.6274294893265671
1440,1440,0.6726931272753007
1441,1441,0.5065783581089325
1442,1442,0.9376057738111232
1443,1443,0.41521654953734544
1444,1444,0.8412999360997242
1445,1445,0.8283256503708067
1446,1446,0.8171272208212875
1447,1447,0.8322844703421644
1448,1448,0.895883213563552
1449,1449,0.11060448927960564
1450,1450,0.9687634284407158
1451,1451,0.32729645017849085
1452,1452,0.4644529502920711
1453,1453,0.9844037176915432
1454,1454,0.8277045474562847
1455,1455,0.9706897535015007
1456,1456,0.919104236090418
1457,1457,0.865689515593006
1458,1458,0.7485374871909167
1459,1459,0.131815411234943
1460,1460,0.21037617108223772
1461,1461,0.9860297257162269
1462,1462,0.9917995110282478
1463,1463,0.6726931272753007
1464,1464,0.6017308740483565
1465,1465,0.39178001929501427
1466,1466,0.9635399979644566
1467,1467,0.977972638353918
1468,1468,0.9803490646625677
1469,1469,0.5414794135576377
1470,1470,0.7484572693516347
1471,1471,0.9636543581311369
1472,1472,0.5728521303190675
1473,1473,0.6273507552344348
1474,1474,0.6766042418108316
1475,1475,0.16141989769693565
1476,1476,0.9757255479339785
1477,1477,0.9754859477381321
1478,1478,0.7279384980835566
1479,1479,0.6051775081331581
1480,1480,0.9815074920175729
1481,1481,0.4654413991522445
1482,1482,0.9920653212630679
1483,1483,0.8981249422708608
1484,1484,0.8601175976770312
1485,1485,0.731356000523118
1486,1486,0.9438105727074552
1487,1487,0.9162328456901794
1488,1488,0.7684077896437074
1489,1489,0.8456818585947871
1490,1490,0.24791115820306697
1491,1491,0.9803001071033507
1492,1492,0.9926340522630615
1493,1493,0.8665222912468089
1494,1494,0.22110536090184907
1495,1495,0.6057193228181467
1496,1496,0.6916004349211966
1497,1497,0.8389447608938716
1498,1498,0.7435455453918767
1499,1499,0.9163903803994629
1500,1500,0.9452885643505615
1501,1501,0.9692364592621978
1502,1502,0.9934871237269709
1503,1503,0.9207539530247368
1504,1504,0.09492175768081412
1505,1505,0.6114075265257228
1506,1506,0.31274275433368015
1507,1507,0.8026680572474073
1508,1508,0.3522941993394604
1509,1509,0.5000203213523426
1510,1510,0.92253791472763
1511,1511,0.955545302357415
1512,1512,0.8852939962304903
1513,1513,0.80405790012121
1514,1514,0.956255954921794
1515,1515,0.5236618314688832
1516,1516,0.9497654692996973
1517,1517,0.3102915301561636
1518,1518,0.6303092104454288
1519,1519,0.8899284665929795
1520,1520,0.9411714732651661
1521,1521,0.9187124259183803
1522,1522,0.9873577189894143
1523,1523,0.8477590611836889
1524,1524,0.983115393655583
1525,1525,0.4919555265008946
1526,1526,0.9306729677613998
1527,1527,0.25479016578626845
1528,1528,0.8793223728425875
1529,1529,0.4364398816159005
1530,1530,0.847377965552798
1531,1531,0.8749278287647408
1532,1532,0.9933299710507639
1533,1533,0.8672498199508062
1534,1534,0.9695277612211454
1535,1535,0.8430205577030991
1536,1536,0.9528296511318299
1537,1537,0.7587744984309692
1538,1538,0.9934871237269709
1539,1539,0.5324616442785228
1540,1540,0.9650572671907668
1541,1541,0.41358541222155354
1542,1542,0.7100077409409705
1543,1543,0.9939414662336398
1544,1544,0.970064864397667
1545,1545,0.4352608227261707
1546,1546,0.8699180391781948
1547,1547,0.6893892196781379
1548,1548,0.5556363264615412
1549,1549,0.8829215116888928
1550,1550,0.15441230315277332
1551,1551,0.30393026426908587
1552,1552,0.6298148121235095
1553,1553,0.9915811887167683
1554,1554,0.9869468498574923
1555,1555,0.958936656966844
1556,1556,0.704627554056654
1557,1557,0.4018536861255142
1558,1558,0.9457804284638662
1559,1559,0.9851940327786219
1560,1560,0.6766330783496921
1561,1561,0.9878010755815124
1562,1562,0.9762675964614888
1563,1563,0.47989406128205925
1564,1564,0.9047243512007294
1565,1565,0.7888144575319387
1566,1566,0.9859125658370923
1567,1567,0.9269396522003
1568,1568,0.21747447740183445
1569,1569,0.9847655493114235
1570,1570,0.5305705047902416
1571,1571,0.9106512940198889
1572,1572,0.799199426618857
1573,1573,0.9835788365202472
1574,1574,0.49213305495967297
1575,1575,0.10268245713802149
1576,1576,0.9560763019007485
1577,1577,0.9575058672416623
1578,1578,0.79034968451445
1579,1579,0.6806153662115273
1580,1580,0.2410513121861294
1581,1581,0.9683600177101215
1582,1582,0.649279410031957
1583,1583,0.9870687986270436
1584,1584,0.40771264777265015
1585,1585,0.5944896985331186
1586,1586,0.974967942033129
1587,1587,0.9239184455120203
1588,1588,0.9933213963547843
1589,1589,0.5414773104539494
1590,1590,0.6815456208126909
1591,1591,0.7276289494685013
1592,1592,0.1788785568134571
1593,1593,0.8120355591693313
1594,1594,0.9923357020525084
1595,1595,0.7118962236612822
1596,1596,0.8811198054713839
1597,1597,0.8686070537006862
1598,1598,0.8787844024666173
1599,1599,0.6827087163052101
1600,1600,0.3268561685881646
1601,1601,0.718037515708581
1602,1602,0.30856268579981816
1603,1603,0.3825145626252082
1604,1604,0.9760372455478482
1605,1605,0.821415863175638
1606,1606,0.8429926160871595
1607,1607,0.7908902611433574
1608,1608,0.9890722245561989
1609,1609,0.4424837870537376
1610,1610,0.9202114740944354
1611,1611,0.7793888931990405
1612,1612,0.212684670127528
1613,1613,0.8930432986240068
1614,1614,0.7677316773916891
1615,1615,0.8325699314812188
1616,1616,0.8006449064994635
1617,1617,0.8078497522531704
1618,1618,0.5746645673366905
1619,1619,0.5503458027221158
1620,1620,0.9692126939454613
1621,1621,0.7299014173565075
1622,1622,0.9678918695058932
1623,1623,0.6773297583356059
1624,1624,0.9866231146207048
1625,1625,0.9575162534413555
1626,1626,0.9880925250980761
1627,1627,0.9210274307170008
1628,1628,0.3979022592416983
1629,1629,0.662594846176785
1630,1630,0.9252931914205522
1631,1631,0.9737106722173894
1632,1632,0.7731486066436282
1633,1633,0.9006443491578705
1634,1634,0.9008162412459378
1635,1635,0.99189338042695
1636,1636,0.9914522618517843
1637,1637,0.07638177735976448
1638,1638,0.2778606725863453
1639,1639,0.5546150080047951
1640,1640,0.4528350890385119
1641,1641,0.8215742707827812
1642,1642,0.9718659406971445
1643,1643,0.8579773527979788
1644,1644,0.719533479827664
1645,1645,0.7400447669778337
1646,1646,0.9663724143365336
1647,1647,0.66351968381164
1648,1648,0.8372824363039924
1649,1649,0.41186629186814094
1650,1650,0.9387248709640168
1651,1651,0.8506274200358084
1652,1652,0.8352976703689299
1653,1653,0.3396174780432961
1654,1654,0.9848786235330709
1655,1655,0.6030889810303643
1656,1656,0.9685328694194827
1657,1657,0.9763099373066049
1658,1658,0.968845068505988
1659,1659,0.6464090530080422
1660,1660,0.8008583193320491
1661,1661,0.9821473538484853
1662,1662,0.9915648357130207
1663,1663,0.5960208512059446
1664,1664,0.8323711163078229
1665,1665,0.14219956935761469
1666,1666,0.8699511193203233
1667,1667,0.8827209700514663
1668,1668,0.9675946155140918
1669,1669,0.9385502133255774
1670,1670,0.1506206771119445
1671,1671,0.5034323594019525
1672,1672,0.9052388084964149
1673,1673,0.8837004560814239
1674,1674,0.970612256831512
1675,1675,0.7521127706644057
1676,1676,0.6094386098420616
1677,1677,0.9765936391568748
1678,1678,0.6474780217628545
1679,1679,0.6650348823921136
1680,1680,0.8703866103724776
1681,1681,0.9827055978771332
1682,1682,0.38592803628214545
1683,1683,0.6826793105236225
1684,1684,0.40541519482652166
1685,1685,0.9901264607068163
1686,1686,0.22681995744089845
1687,1687,0.7996035811591581
1688,1688,0.627886539728339
1689,1689,0.9350073520118116
1690,1690,0.9862953205229322
1691,1691,0.6975279000179102
1692,1692,0.8985315108975596
1693,1693,0.6008842379126003
1694,1694,0.9641106036792733
1695,1695,0.878886981775892
1696,1696,0.5247867063227407
1697,1697,0.7461225362226213
1698,1698,0.9108080308645555
1699,1699,0.9071647665452461
1700,1700,0.9411671851016793
1701,1701,0.8119903745596261
1702,1702,0.9766949239428766
1703,1703,0.9689907650293165
1704,1704,0.28042607448077883
1705,1705,0.9083686458179523
1706,1706,0.49482852199840566
1707,1707,0.7847923266557276
1708,1708,0.3659010572403696
1709,1709,0.41337233207383595
1710,1710,0.9915031521498938
1711,1711,0.5927960592074035
1712,1712,0.9518641557737268
1713,1713,0.48395033596296
1714,1714,0.9059296866554682
1715,1715,0.990070128704644
1716,1716,0.7109911442119652
1717,1717,0.9896707783048774
1718,1718,0.989297293988034
1719,1719,0.7320851883837243
1720,1720,0.9927717931906876
1721,1721,0.2619431960192736
1722,1722,0.6169923444495113
1723,1723,0.9899634764049274
1724,1724,0.21301786188593885
1725,1725,0.6329713485296155
1726,1726,0.4700970201982112
1727,1727,0.9530987304134226
1728,1728,0.9880702801494736
1729,1729,0.2146197645771174
1730,1730,0.2747880061061977
1731,1731,0.4954460710708376
1732,1732,0.5718555703333373
1733,1733,0.9419562640050062
1734,1734,0.6803234756997019
1735,1735,0.547031319495819
1736,1736,0.9267539441744933
1737,1737,0.41708488599710347
1738,1738,0.9879160627226761
1739,1739,0.9721202969414272
1740,1740,0.38597296198251974
1741,1741,0.8049846882280359
1742,1742,0.9926470456951931
1743,1743,0.7396479363010957
1744,1744,0.9899035795810843
1745,1745,0.9905596018972154
1746,1746,0.748421724600417
1747,1747,0.9790833799989003
1748,1748,0.932282371674323
1749,1749,0.9935149534836022
1750,1750,0.7369808912859525
1751,1751,0.5122487198427086
1752,1752,0.7887824075800944
1753,1753,0.22173684552253814
1754,1754,0.9618233779961469
1755,1755,0.9591320958495368
1756,1756,0.8795892198237247
1757,1757,0.9889441452322002
1758,1758,0.1271415731236889
1759,1759,0.3793237446784591
1760,1760,0.9858950046788185
